school,state,staff_directory,has_pagination,is_dynamic,
cabarrus early college of technology,north carolina,https://www.cabarrus.k12.nc.us/site/Default.aspx?PageType=1&SiteID=8438&ChannelID=8457&DirectoryType=6,,,
"Perry Career Academy - Eula Wilburn Ponds Perry Center for Learning
",georgia,https://312.clayton.k12.ga.us/about/staff_directory,1,,
nashville comm high school,illinois,https://www.nashville-k12.org/staff/teachers,1,,
edon high school,ohio,https://sites.google.com/edon-nw.org/wv2/jr-sr-high/high-school-staff-directory,,,
explore knowledge academy j senior high school,Nevada,https://ekacademy.org/,,,
world journalism preparatory a college board school,new york,https://www.wjps.org/directory/faculty,,,
achievable dream middlehigh school,virginia,http://achievabledream.nn.k12.va.us/faculty.html,,,
adna middlehigh school,washington,https://adnaschools.edlioschool.com/apps/pages/index.jsp?uREC_ID=2962251&type=d&pREC_ID=2340468,,,
alleghany high school,virginia,https://ahs.ahps.k12.va.us/faculty___staff/directory,,,
alamofordo high,new mexico,https://ahs.alamogordoschools.org/our-school/staff.stml,1,,
ashland high school,massachusetts,https://www.ashland.k12.or.us/o/ahs/staff,1,,
alta high,utah,https://ahs.canyonsdistrict.org/faculty/,,,
albia high school,iowa,https://albiacsd.org/staff-directory/,,,
alpha cindy avitia high school,california,https://www.alphapublicschools.org/contact-us/,,,
alsea high school,oregon,http://alsea.k12.or.us/district-office/staff-directory/,,,
animas high school,colorado,https://animashighschool.com/faculty-staff/,,,
dixie county high school,florida,https://www.dixie.k12.fl.us/ContactUs,,1,
arthur and polly mays conservatory of the arts,florida,http://apmays.dadeschools.net/apmc-teachers.asp,,,
badger high school,ohio,https://bhs.badger.k12.wi.us/our_school/staff_directory,1,,
bellwood antis high school,pennsylvania,https://www.blwd.k12.pa.us/staff_directory,1,,
jefferson forest high,virginia,https://bedfordjfhs.sharpschool.net/our_staff/staff_directory,,,
beehive science and technology academy,utah,https://www.beehiveacademy.org/,,,
broadway high school,virginia,https://www.smore.com/d6bps,1,,
blackduck secondary,minnesota,http://blackduck.k12.mn.us/elementary-staff-email.html,,,
appalachian school,alabama,https://blcsas.ss19.sharpschool.com/staff_directory,1,,
cleveland high school,alabama,https://blcschs.ss19.sharpschool.com/staff_directory,1,,
gateways high school,oregon,https://www.springfield.k12.or.us/Page/8237,,,
battle mountain high school,nevada,https://bmhs.eagleschools.net/about-us/staff-directory,1,,
romney middle school,west virginia,https://wvde.state.wv.us/ed_directory/index.html?county_id=28&school_id=402,,,
bonneville high school,utah,https://bonneville.wsd.net/index.php/en/classroom/teacher-list,,,
boone high school,iowa,https://www.boonecsd.org/page/curriculum-and-assessment,,,
bowen high school,illinois,http://bowen.cps.edu/staff-directory.html,,,
brindlee mountain high school,alabama,https://www.marshallk12.org/domain/59,1,,
bronx latin school,new york,http://bronxlatin.com/staff-directory/,,,
Jonata Middle School,california,https://jonatams.buelltonusd.org/staff___homework,1,,
brattleboro union high school,vermont,http://buhs.wsesdvt.org/science.html,,,
jimmy c draughn high school,north carolina,https://dhs.burke.k12.nc.us/faculty__staff,,,
calexico mission school,california,https://calexicomissionschool.com/about-us/faculty-staff-directory/,,,
carbon career and technical institute,pennsylvania,http://carboncti.org/contact-us/faculty/,,,
cazenovia middle school,new york,https://www.cazenoviacsd.com/getstaff.cfm,1,,
gunnison high school,colorado,https://gunnisonhigh.gunnisonschools.net/cms/one.aspx?portalId=444640&pageId=575829,1,,
benedictine high school,ohio,https://cbhs.net/about/faculty-and-staff/,,,
creative connections arts academy,california,https://ccaa.trusd.net/Staff-Directory/index.html,,,
christian collegiate academy,mississippi,http://ccagulfport.com/,,,
Cedars International Next Generation High School,texas,https://cedars-hs.org/apps/staff/,,,
central linn high school,oregon,https://www.centrallinn.k12.or.us/high-school/people,,,
Central Noble Community Schools,indiana,https://www.centralnoble.k12.in.us/cnjshs/faculty-staff-directory,,,
charlottesville high school,virginia,https://charlottesvilleschools.org/staff/,,,
john f kennedy senior high school,new york,https://www.bloomington.k12.mn.us/staff-directory,1,,
centerville sr high school,indiana,http://centerville.k12.in.us/index.php/parent-resources/contact-a-teacher/centerville-sr-high-school-teachers,,,
clatskanie middlehigh school,oregon,https://middlehighclatskanieor.schoolinsites.com/staffdirectory,,,
columbia montour avts,pennsylvania,http://cmvt.us/?page_id=63,,,
el capitan public school,arizona,https://www.elcap.us/ECHS/121-Faculty.html,,,
corner high school,alabama,https://www.jefcoed.com/Page/2463,1,,
Cornerstone Charter High School,arizona,http://cornerstonehs.org/cwp/staff/,,,
creekside charter,california,https://www.creeksidecharter.org/apps/staff/,,1,
denbigh high school,virginia,https://denbigh.nn.k12.va.us/faculty.html,,,
davis high school,oklahama,https://www.daviswolves.org/staff,1,,
douglas city elementary,california,http://dcesd.org/index.php/douglas-city/staff-directory,,,
devine high school,texas,https://dhs.devineisd.org/staff_directory,ns,,
discovery high school,north carolina,https://dhs.newton-conover.org/o/dhs/staff,,,
dillon christian school,south carolina,https://www.dillonchristianschool.org/faculty-and-staff/,,,
desert mirage high school,california,https://www.cvusd.us/departments/educational-services/curriculum-and-instruction,,,
democracy prep harlem high school,new york,https://democracyprep.org/ny/dphhs/,,,
hector j garcia early college high school,texas,https://earlycollege.elisd.org/o/hjgechs/staff,1,,
east high school,utah,https://east.slcschools.org/our-school/faculty-directory,,,
east coweta high school,georgia,https://echs.cowetaschools.net/en-US/staff,,1,
j d clement early college high school,north carolina,https://www.dpsnc.net/domain/697,,,
emily griffith high school,colorado,http://eghs.egtc.net/our-staff/,,,
elgin high school,oklahama,https://hs.elginps.org/staff_directory,1,,
emery secondary,california,https://www.emeryhigh.com/teachers--staff.html,,,
epic high school north,new york,http://epicschoolsnyc.org/north/,,,
escambia county high school,alabama,https://echs.escambiak12.net/staff#panel_03ba1a,,1,
eureka county high school,nevada,https://eurekacountyhs.ss8.sharpschool.com/e_c_h_s_staff,,,
excelsior springs high school,missouri,https://excelsiorshs.ss9.sharpschool.com/our_faculty/high_school_faculty_directory,,,
family community christian school,louisiana,http://fccswarriors.weebly.com/administration.html,,,
faith christian high school,north carolina,https://www.fcspatriots.com/about_f_c_s/teacher_profiles/high_school_teachers,,,
forest high school,louisiana,https://www.wcpsb.com/FacultyStaffFHS.aspx,,,
fontainebleau high school,louisiana,https://fontainebleauhigh.stpsb.org/our-school/faculty-and-staff,,,
fowler high school,michigan,https://fowlerschools.net/teachers/,,,
phillip j patino school of entrepreneurship,california,https://schools.fresnounified.org/?location=patino-school-of-entrepreneurship&v=staff,,,
fall river junior senior high school,california,https://frjusd-frhs.ss12.sharpschool.com/staff_directory,,,
fair view high continuation,california,http://fvhs.chicousd.org/Staff-Directory/index.html,,,
flowing wells high school,arizona,https://fwhs.flowingwellsschools.org/the_cab_way/our_staff,,,
greensburg community high school,indiana,https://gchs.greensburg.k12.in.us/staff_directory,1,,
greencastle high school,indiana,https://ghs.greencastle.k12.in.us/staff_directory,1,,
gridley high school,california,http://ghs.gusd.org/Staff-Directory/index.html,,,
central catholic middle and high schools,new york,https://catholiccentralschool.org/faculty-staff/,,,
gilpin county undivided high school,colorodo,https://gilpin.k12.co.us/en-US/staff,,1,
gladstone area high school,michigan,https://www.gladstoneschools.com/staff_directory,1,,
gleason school,tennessee,https://gls.weakleycountyschools.com/staff_directory,1,,
goode stem academy high school,illinois,https://www.goodestemacademy.org/directory,,1,
hampton park christian school,south carolina,https://hamptonpark.school/about/faculty/,,,
harding fine arts academy,oklahoma,https://hardingfinearts.org/staff-teachers/,,,
houston high school,ohio,http://hardinhouston.org/staff-directory/,1,,
helen bernstein high school,california,http://hbdragons.com/staff-directory/,,,
heritage christian academy,kentucky,http://hcahopkinsville.org/staff.html,,,
heritage high school,virginia,https://www.lcps.org/domain/28225,1,1,completed till 110
hero high school,new york,http://herohigh.net/web/content/faculty-staff,,,
hillcrest high,utah,https://hhs.canyonsdistrict.org/faculty/,,,
humboldt high school,tennessee,http://hhs.hcsvikings.org/239865_2,1,1,
hughson high,california,https://hhs.hughsonschools.org/en-US/staff,,1,
hickory christian academy,north carolina,https://hickorychristianacademy.com/board-and-staff/,,,
highland high,utah,https://highland.slcschools.org/our-school/faculty-directory,,,
central lee high school,iowa,https://www.centrallee.org/page/district-staff-directory,,,
heavener high school,oklahama,https://www.heavenerschools.org/staff,1,,
hadley luzerne high school,new york,https://www.hlcs.org/contact,,,
holdenville high school,oklahama,http://holdenville.k12.ok.us/SITES/hhs/contact_HHS.htm,,,
earlham high school,iowa,https://ecsdcards.com/cms/One.aspx?portalId=56752&pageId=181549,1,,
honey grove high school,texas,https://docs.google.com/spreadsheets/d/1HvT7r4gbl7xH7uXdS_r1U4DwrHy-Irbo_uLPgvXNKxg/edit#gid=1668508088,,,
hoosick falls middle school,new york,https://hoosickfallscsdny.sites.thrillshare.com/staff,1,,
bayless senior high,missouri,https://hs.baylessk12.org/contact,,,
bellefontaine high school,ohio,https://hs.bellefontaine.k12.oh.us/cms/One.aspx?portalId=826979&pageId=827007#!,1,,
lovell high school,wyoming,https://hs.bgh2.org/apps/staff/,,,
south hunterdon regional high school,new jersey,https://hs.shrsd.org/staff_directory,1,,
cannon falls secondary school,minnesota,https://hsms.cannonfallsschools.com/staff_directory,1,,
high technical high school,new jersey,http://www.hths.mcvsd.org/faculty,,,
hoopa valley high school,california,http://hvhs.ktjusd.k12.ca.us/Staff-Directory/index.html,ns,,
ider school,alabama,https://iderhighschool.ss18.sharpschool.com/,,,
international high school at union square,new york,https://ihs-us.org/staff-2/,,,
county line high school,arkansas,https://indians.wsc.k12.ar.us/587551_3,,,
yccs innovations of arts integr high school,illinois,https://yccs.us/department/innovations-high-school-of-arts-integration/,,,
barnum secondary,minnesota,https://isd91.org/home/staff-directory/high-school/,,,
junction city sr high school,kansas,https://jchs.usd475.org/departments/science#fs-panel-23250,,,
thomas jefferson high school,iowa,https://www.cb-schools.org/domain/189,1,,
corner canyon high school,utah,https://cchs.canyonsdistrict.org/faculty/,,,
john milledge academy,georgia,https://www.johnmilledge.org/about/faculty-and-staff/,,,
bloomfield junior senior high school,indiana,https://jrsrhs.bloomfield.k12.in.us/staff_directory,1,,
southern university laboratory virtual school,loisiana,https://sulabschool.com/faculty,,,
kalida high school,ohio,http://kalidaschools.org/cms/index.php?page=faculty-staff-2,,,
kingman academy of learning high school,arizona,https://kahs.kaolaz.org/apps/staff/,,,
Kirtland Central High School,new mexico,https://www.ccsdnm.org/,,,
kipp ma,massachusetts,https://kippma.org/kipp-forward/meet-the-team/,,,
falls city high school,oregon,https://www.fallscityschools.org/staff,1,,
lafayette christian school,georgia,https://lafayettechristianschool.com/faculty-staff,,1,
lafayette high school,mississippi,https://lafayettecsdhs.ss16.sharpschool.com/our_school/faculty_staff,1,1,
louisiana school for agricultura science,loisiana,https://lasas.avoyellespsb.com/staff#panel_f8776a,,,
laurel christian school,mississippi,https://www.laurelchristian.org/about#administration,,,
lewis cass high school,indiana,http://www.lewiscass.net/staff-directory/,1,,
lewis central high school,iowa,https://lchs.lewiscentral.org/staff-directory,1,,
leake academy,mississippi,http://leakeacademy.org/,,,
leland public school,michigan,https://www.lelandschool.com/for_staff/staff_directory,,,
lewis county high school,west virginia,https://www.lewisboe.com/o/lchs/page/science,,,
lamphere high school,michigan,https://lhs.lamphereschools.org/contact_l_h_s/staff_directory,1,,
leicester high school,massachusetts,https://lhs.leicester.k12.ma.us/contact_us/staff_directory,,,
literacy first charter,california,https://www.lfcsinc.org/faculty.php,,,
liberty center high school,ohio,https://libertycls.ss9.sharpschool.com/contact_us/staff_directory,,1 (scorll),
linden kildare high school,texas,https://www.lkcisd.net/100760_2,,,
los molinos high school,california,http://lmhs.lmusd.net/Teacher-Pages/index.html,,,
lincoln orens middle school,new york,http://loms.ips.k12.ny.us/directory/faculty,,,
lone jack high school,missouri,https://lonejackc6.net/directory/,,,
louisiana high  school,missouri,https://www.louisiana.k12.mo.us/cms/One.aspx?portalId=445953&pageId=37100889#ctl00_ContentPlaceHolder1_ctl09_divTabs_1,,,
lees summit senior high school,missouri,https://lshs.lsr7.org/stafflshs/,,,
lund high school,nevada,https://lund.whitepine.k12.nv.us/teachingstaff,,1(click),
mark armijo academy,new mexico,http://markarmijo.com/faculty/teacher/,,,
marshall academy,michigan,https://www.marshallacademy.org/staff,,,
marine academy of science and technology,florida,https://mastfiu.org/apps/pages/index.jsp?uREC_ID=532578&type=d&termREC_ID=&pREC_ID=staff,,,
mcnairy central high school,tennessee,http://mchscats.org/index.php/academics/departments/science,,,
mclean school,texas,https://www.mcleanisd.com/vnews/display.v/SEC/District%20Contacts,,,
mendota township high school,illinois,https://www.mendotahs.org/directory,,,
Metter High School,georgia,https://mhs.metter.org/en-US/staff,,1(click),
madison grant high school,indiana,http://mghs.mgusc.k12.in.us/Our-Staff,,,
mansfield high school,massachusetts,https://mhs.mansfieldschools.com/about/staff_directory,,,
modoc high school,california,https://mhs.modoc.k12.ca.us/staff,1,,
morrisonville high school,illinois,https://www.mohawks.net/staff,,,
mid buchanan senior high school,missouri,https://www.midbuchanan.k12.mo.us/staff,1,,
mill river union high school,vermont,https://millriverschools.org/mru/about-us/staff/,,,
city of life christian academy,florida,https://www.colca.education/staff-dircetory,,,
sacred heart elementary and high school,missouri,https://www.gogremlins.com/about-us/staff-directory/,,1(hover),
thousand islands middle school,new york,https://www.1000islandsschools.org/about-us/staff-directory,,1(click),
the math and science exploratory school ms 447,new york,https://ms447.org/staff-directory/,,1(pdf),
mt saint mary academy,arkansas,https://mtstmary.edu/about-us/faculty-staff-directory/,,1(click),
mesilla valley christian schools,new mexico,https://wordpress.mvcsonline.com/wordpress/home/about-mvcs/,,,
monte vista senior high school,colorodo,https://www.pirates.monte.k12.co.us/mvhs-staff,,1(click),
navarro early college high school,texas,https://navarro.austinschools.org/about-us/staff-dir,,1(click),
north bend central high school,nebrask,https://www.nbtigers.org/hsstaff,,,
hartville high school,missouri,https://new.hartville.k12.mo.us/index.php/directory/,,1(click),
narrows high school,virginia,https://gcpsnhs.ss13.sharpschool.com/faculty_/admin___faculty_directory,1,1,
north kitsap high school,washington,https://nkhs.nkschools.org/about/contact_us/staff_directory,1,1(click),
nodaway valley high school,opwas,https://www.nodawayvalley.org/staff-list,,,
north cedar academy,wisconsin,https://northcedar.net/staff-directory,,,
early college east high,north carolina,https://www.cravenk12.org/domain/203,,1(click),
,,,,,
,,,,,
,,,,,
,,,,,
,,,,,
,,,,,
,,,,,
,,,,,
,,,,,
,,,,,
,,,,,
,,,,,
,,,,,
,,,,,
,,,,,
,,,,,
,,,,,
,,,,,
,,,,,
,,,,,
,,,,,
,,,,,
,,,,,
,,,,,
,,,,,
,,,,,
,,,,,
,,,,,
,,,,,
,,,,,
,,,,,
,,,,,
,,,,,
,,,,,
,,,,,
,,,,,
,,,,,
,,,,,
,,,,,
,,,,,
,,,,,
,,,,,
,,,,,
,,,,,
,,,,,
,,,,,
,,,,,
,,,,,
,,,,,
,,,,,
,,,,,
,,,,,
,,,,,
,,,,,
,,,,,
,,,,,
,,,,,
,,,,,
,,,,,
,,,,,
,,,,,
,,,,,
,,,,,
,,,,,
,,,,,
,,,,,
,,,,,
,,,,,
,,,,,
,,,,,
,,,,,
,,,,,
,,,,,
,,,,,
,,,,,
,,,,,
,,,,,
,,,,,
,,,,,
,,,,,
,,,,,
,,,,,
,,,,,
,,,,,
,,,,,
,,,,,
,,,,,
,,,,,
,,,,,
,,,,,
,,,,,
,,,,,
,,,,,
,,,,,
,,,,,
,,,,,
,,,,,
,,,,,
,,,,,
,,,,,
,,,,,
,,,,,
,,,,,
,,,,,
,,,,,
,,,,,
,,,,,
,,,,,
,,,,,
,,,,,
,,,,,
,,,,,
,,,,,
,,,,,
,,,,,
,,,,,
,,,,,
,,,,,
,,,,,
,,,,,
,,,,,
,,,,,
,,,,,
,,,,,
,,,,,
,,,,,
,,,,,
,,,,,
,,,,,
,,,,,
,,,,,
,,,,,
,,,,,
,,,,,
,,,,,
,,,,,
,,,,,
,,,,,
,,,,,
,,,,,
,,,,,
,,,,,
,,,,,
,,,,,
,,,,,
,,,,,
,,,,,
,,,,,
,,,,,
,,,,,
,,,,,
,,,,,
,,,,,
,,,,,
,,,,,
,,,,,
,,,,,
,,,,,
,,,,,
,,,,,
,,,,,
,,,,,
,,,,,
,,,,,
,,,,,
,,,,,
,,,,,
,,,,,
,,,,,
,,,,,
,,,,,
,,,,,
,,,,,
,,,,,
,,,,,
,,,,,
,,,,,
,,,,,
,,,,,
,,,,,
,,,,,
,,,,,
,,,,,
,,,,,
,,,,,
,,,,,
,,,,,
,,,,,
,,,,,
,,,,,
,,,,,
,,,,,
,,,,,
,,,,,
,,,,,
,,,,,
,,,,,
,,,,,
,,,,,
,,,,,
,,,,,
,,,,,
,,,,,
,,,,,
,,,,,
,,,,,
,,,,,
,,,,,
,,,,,
,,,,,
,,,,,
,,,,,
,,,,,
,,,,,
,,,,,
,,,,,
,,,,,
,,,,,
,,,,,
,,,,,
,,,,,
,,,,,
,,,,,
,,,,,
,,,,,
,,,,,
,,,,,
,,,,,
,,,,,
,,,,,
,,,,,
,,,,,
,,,,,
,,,,,
,,,,,
,,,,,
,,,,,
,,,,,
,,,,,
,,,,,
,,,,,
,,,,,
,,,,,
,,,,,
,,,,,
,,,,,
,,,,,
,,,,,
,,,,,
,,,,,
,,,,,
,,,,,
,,,,,
,,,,,
,,,,,
,,,,,
,,,,,
,,,,,
,,,,,
,,,,,
,,,,,
,,,,,
,,,,,
,,,,,
,,,,,
,,,,,
,,,,,
,,,,,
,,,,,
,,,,,
,,,,,
,,,,,
,,,,,
,,,,,
,,,,,
,,,,,
,,,,,
,,,,,
,,,,,
,,,,,
,,,,,
,,,,,
,,,,,
,,,,,
,,,,,
,,,,,
,,,,,
,,,,,
,,,,,
,,,,,
,,,,,
,,,,,
,,,,,
,,,,,
,,,,,
,,,,,
,,,,,
,,,,,
,,,,,
,,,,,
,,,,,
,,,,,
,,,,,
,,,,,
,,,,,
,,,,,
,,,,,
,,,,,
,,,,,
,,,,,
,,,,,
,,,,,
,,,,,
,,,,,
,,,,,
,,,,,
,,,,,
,,,,,
,,,,,
,,,,,
,,,,,
,,,,,
,,,,,
,,,,,
,,,,,
,,,,,
,,,,,
,,,,,
,,,,,
,,,,,
,,,,,
,,,,,
,,,,,
,,,,,
,,,,,
,,,,,
,,,,,
,,,,,
,,,,,
,,,,,
,,,,,
,,,,,
,,,,,
,,,,,
,,,,,
,,,,,
,,,,,
,,,,,
,,,,,
,,,,,
,,,,,
,,,,,
,,,,,
,,,,,
,,,,,
,,,,,
,,,,,
,,,,,
,,,,,
,,,,,
,,,,,
,,,,,
,,,,,
,,,,,
,,,,,
,,,,,
,,,,,
,,,,,
,,,,,
,,,,,
,,,,,
,,,,,
,,,,,
,,,,,
,,,,,
,,,,,
,,,,,
,,,,,
,,,,,
,,,,,
,,,,,
,,,,,
,,,,,
,,,,,
,,,,,
,,,,,
,,,,,
,,,,,
,,,,,
,,,,,
,,,,,
,,,,,
,,,,,
,,,,,
,,,,,
,,,,,
,,,,,
,,,,,
,,,,,
,,,,,
,,,,,
,,,,,
,,,,,
,,,,,
,,,,,
,,,,,
,,,,,
,,,,,
,,,,,
,,,,,
,,,,,
,,,,,
,,,,,
,,,,,
,,,,,
,,,,,
,,,,,
,,,,,
,,,,,
,,,,,
,,,,,
,,,,,
,,,,,
,,,,,
,,,,,
,,,,,
,,,,,
,,,,,
,,,,,
,,,,,
,,,,,
,,,,,
,,,,,
,,,,,
,,,,,
,,,,,
,,,,,
,,,,,
,,,,,
,,,,,
,,,,,
,,,,,
,,,,,
,,,,,
,,,,,
,,,,,
,,,,,
,,,,,
,,,,,
,,,,,
,,,,,
,,,,,
,,,,,
,,,,,
,,,,,
,,,,,
,,,,,
,,,,,
,,,,,
,,,,,
,,,,,
,,,,,
,,,,,
,,,,,
,,,,,
,,,,,
,,,,,
,,,,,
,,,,,
,,,,,
,,,,,
,,,,,
,,,,,
,,,,,
,,,,,
,,,,,
,,,,,
,,,,,
,,,,,
,,,,,
,,,,,
,,,,,
,,,,,
,,,,,
,,,,,
,,,,,
,,,,,
,,,,,
,,,,,
,,,,,
,,,,,
,,,,,
,,,,,
,,,,,
,,,,,
,,,,,
,,,,,
,,,,,
,,,,,
,,,,,
,,,,,
,,,,,
,,,,,
,,,,,
,,,,,
,,,,,
,,,,,
,,,,,
,,,,,
,,,,,
,,,,,
,,,,,
,,,,,
,,,,,
,,,,,
,,,,,
,,,,,
,,,,,
,,,,,
,,,,,
,,,,,
,,,,,
,,,,,
,,,,,
,,,,,
,,,,,
,,,,,
,,,,,
,,,,,
,,,,,
,,,,,
,,,,,
,,,,,
,,,,,
,,,,,
,,,,,
,,,,,
,,,,,
,,,,,
,,,,,
,,,,,
,,,,,
,,,,,
,,,,,
,,,,,
,,,,,
,,,,,
,,,,,
,,,,,
,,,,,
,,,,,
,,,,,
,,,,,
,,,,,
,,,,,
,,,,,
,,,,,
,,,,,
,,,,,
,,,,,
,,,,,
,,,,,
,,,,,
,,,,,
,,,,,
,,,,,
,,,,,
,,,,,
,,,,,
,,,,,
,,,,,
,,,,,
,,,,,
,,,,,
,,,,,
,,,,,
,,,,,
,,,,,
,,,,,
,,,,,
,,,,,
,,,,,
,,,,,
,,,,,
,,,,,
,,,,,
,,,,,
,,,,,
,,,,,
,,,,,
,,,,,
,,,,,
,,,,,
,,,,,
,,,,,
,,,,,
,,,,,
,,,,,
,,,,,
,,,,,
,,,,,
,,,,,
,,,,,
,,,,,
,,,,,
,,,,,
,,,,,
,,,,,
,,,,,
,,,,,
,,,,,
,,,,,
,,,,,
,,,,,
,,,,,
,,,,,
,,,,,
,,,,,
,,,,,
,,,,,
,,,,,
,,,,,
,,,,,
,,,,,
,,,,,
,,,,,
,,,,,
,,,,,
,,,,,
,,,,,
,,,,,
,,,,,
,,,,,
,,,,,
,,,,,
,,,,,
,,,,,
,,,,,
,,,,,
,,,,,
,,,,,
,,,,,
,,,,,
,,,,,
,,,,,
,,,,,
,,,,,
,,,,,
,,,,,
,,,,,
,,,,,
,,,,,
,,,,,
,,,,,
,,,,,
,,,,,
,,,,,
,,,,,
,,,,,
,,,,,
,,,,,
,,,,,
,,,,,
,,,,,
,,,,,
,,,,,
,,,,,
,,,,,
,,,,,
,,,,,
,,,,,
,,,,,
,,,,,
,,,,,
,,,,,
,,,,,
,,,,,
,,,,,
,,,,,
,,,,,
,,,,,
,,,,,
,,,,,
,,,,,
,,,,,
,,,,,
,,,,,
,,,,,
,,,,,
,,,,,
,,,,,
,,,,,
,,,,,
,,,,,
,,,,,
,,,,,
,,,,,
,,,,,
,,,,,
,,,,,
,,,,,
,,,,,
,,,,,
,,,,,
,,,,,
,,,,,
,,,,,
,,,,,
,,,,,
,,,,,
,,,,,
,,,,,
,,,,,
,,,,,
,,,,,
,,,,,
,,,,,
,,,,,
,,,,,
,,,,,
,,,,,
,,,,,
,,,,,
,,,,,
,,,,,
,,,,,
,,,,,
,,,,,
,,,,,
,,,,,
,,,,,
,,,,,
,,,,,
,,,,,
,,,,,
,,,,,
,,,,,
,,,,,
,,,,,
,,,,,
,,,,,
,,,,,
,,,,,
,,,,,
,,,,,
,,,,,
,,,,,
,,,,,
,,,,,
,,,,,
,,,,,
,,,,,
,,,,,
,,,,,
,,,,,
,,,,,
,,,,,
,,,,,
,,,,,
,,,,,
,,,,,
,,,,,
,,,,,
,,,,,
,,,,,
,,,,,
,,,,,
,,,,,
,,,,,
,,,,,
,,,,,
,,,,,
,,,,,
,,,,,
,,,,,
,,,,,
,,,,,
,,,,,
,,,,,
,,,,,
,,,,,
,,,,,
,,,,,
,,,,,
,,,,,
,,,,,
,,,,,
,,,,,
,,,,,
,,,,,
,,,,,
,,,,,
,,,,,
,,,,,
,,,,,
,,,,,
,,,,,
,,,,,
,,,,,
,,,,,
,,,,,
,,,,,
,,,,,
,,,,,
,,,,,
,,,,,
,,,,,
,,,,,
,,,,,
,,,,,
,,,,,
,,,,,
,,,,,
,,,,,
,,,,,
,,,,,
brookville high school,virginia,https://bhs.campbell.k12.va.us/home/faculty-directory,,,
brighton high,utah,https://bhs.canyonsdistrict.org/administration-staff/,,,
bowdon high school,georgia,https://bowdonhcarrollga.schoolinsites.com/facultydirectory,,,
blacksburg high school,south carolina,https://bhs.cherokee1.org/,,,
burns high school,north carolina,https://bhs.clevelandcountyschools.org/,,,
bountiful high school,utah,https://bhs.davis.k12.ut.us/,,,
belvidere high school,illinois,https://bhs.district100.com/,,,
brownsboro high school,texas,https://bhs.gobearsgo.net/,,,
bethel high school,virginia,https://bhs.hampton.k12.va.us/,,,
brainerd high school,tennessee,https://bhs.hcde.org/,,,
buford high school,south carolina,https://bhs.lancastercsd.com/,,,
byhalia high school 9 12,mississippi,https://bhs.marshallcountysd.org/,,,
blacksburg high school,virginia,https://bhs.mcps.org/,,,
bastrop high school,louisiana,https://bhs.mpsb.us/,,,
barrow high school,alaska,https://bhs.nsbsd.org/en,,,
belfry high school,kentucky,https://bhs.pike.kyschools.us/,,,
brandon high school,mississippi,https://bhs.rcsd.ms/,,,
roaring fork high school,colorado,https://bhs.rfsd.k12.co.us/en-US,,,
bucksport high school,maine,https://bhs.rsu25.org/,,,
belmont high school,new hampshire,https://bhs.sau80.org/,,,
beech sr high school,tennessee,https://bhs.sumnerschools.org/,,,
branford high school,florida,https://bhs.suwannee.k12.fl.us/,,,
brighton high school,tennessee,https://bhs.tipton-county.com/,,,
bourbon high school,missouri,https://bhs.warhawks.k12.mo.us/,,,
beech senior high school,tennessee,https://bhs2.sumnerschools.org/,,,
bard early college cleveland,ohio,https://bhsec.bard.edu/cleveland/,,,
bard high school early college dc bard dc,district of columbia,https://bhsec.bard.edu/dc/,,,
bret harte union high school,california,https://bhuhsd-ca.schoolloop.com/,,,
central high school,georgia,https://bibbcountysdcentral.ss19.sharpschool.com/,,,
howard high school,georgia,https://bibbcountysdhowardhs.ss19.sharpschool.com/,,,
southwest high school,georgia,https://bibbcountysdsouthwest.ss19.sharpschool.com/,,,
westside high school,georgia,https://bibbcountysdwestside.ss19.sharpschool.com/,,,
billings christian schools,montana,https://billingschristianschool.org/,,,
biotechrichmond heights 9 12 high school,florida,https://biotechhighschool.net/,,,
crater school of business innovation and science,oregon,https://bis.district6.org/,,,
reicher catholic high school,texas,https://bishopreicher.com/,,,
bishop ryan high school,north dakota,https://bishopryan.com/,,,
bishop john snyder high school,florida,https://bishopsnyderorg.finalsite.com/,,,
brooklyn theatre arts high school,new york,https://bktheatrearts.org/,,,
blackstone valley prep high,rhode island,https://blackstonevalleyprep.org/,,,
blanchester high school,ohio,https://blanschools.org/blanchester-high-school/,,,
paul g blazer high school,kentucky,https://blazer.ashland.kyschools.us/,,,
betsy layne high school,kentucky,https://blhs.floyd.kyschools.us/,,,
batesburg leesville high school,south carolina,https://blhs.lex3.org/,,,
bloom high school,illinois,https://bloomhs.org/contact/,,,
bloom trail high school,illinois,https://bloomtrail.org/,,,
mattie t blount high school,alabama,https://blountmcpssal.schoolinsites.com/,,,
banning lewis ranch academy,colorado,https://blracademy.org/,,,
baltimore leadership school for young women,maryland,https://blsyw.org/,,,
blue hills regional vocational technical,massachusetts,https://bluehills.org/,,,
battle mountain high school,colorado,https://bmhs.eagleschools.net/,,,
bnos yisroel,maryland,https://bnosyisroel.org/,,,
bnos yisroel school,maryland,https://bnosyisroel.org/,,,
boca prep international school,florida,https://bocaprep.net/,,,
william w bodine high school,pennsylvania,https://bodine.philasd.org/,,,
hampshire senior high school,west virginia,https://boe.hamp.k12.wv.us/67/Hampshire-High-School-HHS,,,
weir middle school,west virginia,https://boe.hancock.k12.wv.us/WMS,,,
chapmanville regional high school,west virginia,https://boe.logan.k12.wv.us/,,,
princeton middle school,west virginia,https://boe.merc.k12.wv.us/Domain/36,,,
pikeview middle school,west virginia,https://boe.merc.k12.wv.us/Domain/37,,,
glenwood school k 8,west virginia,https://boe.merc.k12.wv.us/Domain/38,,,
bluefield high school,west virginia,https://boe.merc.k12.wv.us/domain/20,,,
montcalm high school,west virginia,https://boe.merc.k12.wv.us/domain/27,,,
mountaineer middle school,west virginia,https://boe.mono.k12.wv.us/4/home,,,
suncrest middle school,west virginia,https://boe.mono.k12.wv.us/6/home,,,
richwood high school,west virginia,https://boe.nich.k12.wv.us/o/rhs,,,
boulder high school,colorado,https://boh.bvsd.org/,,,
bold senior high school,minnesota,https://bold.k12.mn.us/our-schools/high-school/,,,
kipp booker t washington,louisiana,https://bookertwashington.kippneworleans.org/,,,
borah senior high school,idaho,https://borah.boiseschools.org/,,,
benjamin bosse high school,indiana,https://bosse.evscschools.com/,,,
boston arts academy,massachusetts,https://bostonartsacademy.org/,,,
bothell high school,washington,https://bothell.nsd.org/,,,
boulder city high school,nevada,https://bouldercityhighschool.com/,,,
bowsher high school,ohio,https://bowsherhighschool.tps.org/,,,
boyd high school,texas,https://boydisd.net/,,,
boynton high school,california,https://boynton.cuhsd.org/,,,
deane bozeman school,florida,https://bozemanbucks.net/,,,
big picture educational academy,california,https://bpea.school/high-school-9-12/,,,
brazosport high school,texas,https://bphs.brazosportisd.net/,,,
bradford christian academy,massachusetts,https://bradfordchristianacademy.org/,,,
brady exploration school,colorado,https://brady.jeffcopublicschools.org/,,,
harold t branch academy for career and technical educational,texas,https://branch.ccisd.us/,,,
brandon valley high school,south dakota,https://brandonvalley.k12.sd.us/bvhs/,,,
yes prep brays oaks,texas,https://braysoaks.yesprep.org/?utm_source=gmb&utm_medium=website&utm_campaign=braysoak,,,
bremen high school,illinois,https://bremen.bhsd228.com/,,,
brentsville district high school,virginia,https://brentsvillehs.pwcs.edu/,,,
broomfield high school,colorado,https://brh.bvsd.org/,,,
benjamin russell high school,alabama,https://brhs.alexcityschools.net/,,,
buena regional high school,new jersey,https://brhs.buenaschools.org/,,,
bethel regional high school,alaska,https://brhs.lksd.org/,,,
briarwood academy,georgia,https://briarwoodacademy.com/,,,
bridgewater raynham regional school,massachusetts,https://bridge-rayn.org/,,,
great oaks charter school,connecticut,https://bridgeport.greatoakscharter.org/,,,
valor academy high school,california,https://brightstarschools.org/VAHS,,,
brillion high,wisconsin,https://brillionsd.org/,,,
brimley middlehigh school,michigan,https://brimley.eupschools.org/site/default.aspx?PageID=1,,,
bristol county agricultural high,massachusetts,https://bristolaggie.org/,,,
bristol county agricultural high school,massachusetts,https://bristolaggie.org/,,,
new brockton high school,alabama,https://brockton.ccs.schoolinsites.com/,,,
the bromfield school,massachusetts,https://bromfield.psharvard.org/,,,
bronx bridges high school,new york,https://bronxbridges.org/,,,
bronx high school for law and community service,new york,https://bronxlawhs.weebly.com/,,,
bronx river high school,new york,https://bronxriverhighschool.org/,,,
brooklyn lab school,new york,https://brooklynlabschool.org/,,,
brooklyn community high school for excellence and equity,new york,https://brooklynxhighschool.org/,,,
broome street academy charter high school,new york,https://broomestreetacademy.org/,,,
richard d browning high school,california,https://browning-lbusd-ca.schoolloop.com/,,,
bruce randolph school,colorado,https://brucerandolph.dpsk12.org/,,,
bryant high school,virginia,https://bryanths.fcps.edu/,,,
blessed sacrament huguenot,virginia,https://bshknights.org/,,,
blessed sacrament huguenot school,virginia,https://bshknights.org/,,,
bonner springs high school,kansas,https://bshs.usd204.com/,,,
tennessee high school,tennessee,https://btcsths.ss18.sharpschool.com/,,,
school of business technology marketing and finance,new jersey,https://btmf-pps-nj.schoolloop.com/,,,
booker t washington new technology high school,louisiana,https://btw.caddoschools.org/,,,
elise p buckingham charter magnet high school,california,https://buckingham.vacavilleusd.org/,,,
bunkie magnet high school,louisiana,https://bunkiehighschool.com/,,,
burlington high school,colorado,https://burlingtonk12.org/high-school-dashboard/,,,
burton adventist academy,texas,https://burtonacademy.org/,,,
bushwick leaders high school for academic excellence,new york,https://bushwickleadershs.com/,,,
butler high school,ohio,https://butler.vbcsd.com/,,,
butte central catholic schools,montana,https://buttecentral.org/,,,
big valley christian school,california,https://bvcs.org/,,,
buckeye valley local high school,ohio,https://bvhs.mybvls.org/,,,
grapevine colleyville collegiate academy at tcc ne,texas,https://ca.gcisd.net/,,,
animo city of champions charter high school,california,https://ca.greendot.org/champions/,,,
nimo leadership charter high school,california,https://ca.greendot.org/leadership/,,,
alain leroy locke college preparatory academy,california,https://ca.greendot.org/locke/,,,
animo pat brown charter high school,california,https://ca.greendot.org/patbrown/,,,
animo ralph bunche high school,california,https://ca.greendot.org/ralphbunche/,,,
animo south los angeles charter,california,https://ca.greendot.org/southla/students-families/,,,
animo venice charter high school,california,https://ca.greendot.org/venice/,,,
animo watts college preparatory academy,california,https://ca.greendot.org/watts/,,,
calloway cab school of the arts,delaware,https://cabcallowayschool.org/,,,
cabrillo high,california,https://cabrillohighschool.lusd.org/,,,
cabrillo point academy,california,https://cabrillopointacademy.org/,,,
connellsville area career and technical ce,pennsylvania,https://cactc.casdfalcons.org/,,,
erwin high school,north carolina,https://caehs.buncombeschools.org/,,,
crater academy of health and public services,oregon,https://cahps.district6.org/,,,
crooms academy of information technology,florida,https://cait.scps.k12.fl.us/,,,
calhoun middlehigh school,west virginia,https://calhoun-k12.wvnet.edu/ccmhs/,,,
california preparatory academy,california,https://calprep.capousd.org/,,,
calvary schools of holland,michigan,https://calvaryschoolsholland.org/,,,
cam academy,washington,https://cam.battlegroundps.org/,,,
cambridge continuation high school,california,https://cambridge.fresnounified.org/,,,
eastside high school,new jersey,https://camdencityschools.org/eastsidehs/about-us/about-the-principal/,,,
camden high school,south carolina,https://camdenmilitary.com/admissions/?gclid=Cj0KCQjwn9CgBhDjARIsAD15h0A9TJKY5Daaj-UamaKk-gWgsYMP5uBzvGGPGiRqO8_qvlb7YLQZOX4aAuzyEALw_wcB,,,
east orange campus high school,new jersey,https://campus.eastorange.k12.nj.us/,,,
cane ridge high school,tennessee,https://caneridgehs.mnps.org/,,,
canton academy,mississippi,https://cantonacademy.org/,,,
canutillo high school,texas,https://canutillochs.ss6.sharpschool.com/,,,
canyon springs high school,california,https://canyonsprings.mvusd.net/,,,
creative and performing arts,pennsylvania,https://capa.philasd.org/,,,
capital senior high school,idaho,https://capital.boiseschools.org/,,,
capital high school,washington,https://capital.osd.wednet.edu/,,,
capital high school,new mexico,https://capital.sfps.info/,,,
capital city independent study,california,https://capitalcity.scusd.edu/,,,
capital preparatory magnet school,connecticut,https://capitalprep.org/,,,
cardinal high school,ohio,https://cardinalschools.org/chs/,,,
career academy at south bend,indiana,https://careeracademysb.com/,,,
carlisle school,virginia,https://carlisleschool.org/,,,
carroll high school,texas,https://carroll.ccisd.us/,,,
carson senior high school,california,https://carsonhighschool.org/,,,
carver middlehigh school,massachusetts,https://carver.org/middle-high-school/,,,
carver high school for applied techengineeringarts,texas,https://carverhs.aldineisd.org/,,,
carver vocational technical high school,maryland,https://carvervotech.org/,,,
cary christian school,north carolina,https://carychristianschool.org/,,,
christian academy of indiana,indiana,https://caschools.us/,,,
conneaut area senior high school,pennsylvania,https://cash.conneautsd.org/,,,
cheboygan area high school,michigan,https://cashs.chebschools.org/,,,
castle hills first baptist school,texas,https://castlehills.school/,,,
cast tech high school,texas,https://castschools.com/cast-tech/,,,
catalyst charter maria es,illinois,https://catalystschools.org/maria,,,
charles a tindley accelerated school,indiana,https://catas.tindley.org/,,,
cathedral academy,south carolina,https://cathedralacademy.com/,,,
california virtual academy  sonoma,california,https://cava.k12.com,,,
california virtual academy,california,https://cava.k12.com/,,,
cedar bluff high school,alabama,https://cb.cherokeek12.org/,,,
cherokee bluff high school,georgia,https://cbhs.hallco.org/web/,,,
collegiate baton rouge,louisiana,https://cbr.collegiateacademies.org/,,,
la costa canyon high school,california,https://cc.sduhsd.net/,,,
san dieguito high academy,california,https://cc.sduhsd.net/,,,
calvary chapel christian school,nevada,https://cccslions.org/,,,
college and career high school,new mexico,https://cchs-aps-nm.schoolloop.com/,,,
hobbs high school,new mexico,https://cchs-aps-nm.schoolloop.com/,,,
camden central high school,tennessee,https://cchs.bentoncountyschools.org/,,,
cumberland county high school,tennessee,https://cchs.ccschools.k12tn.net/,,,
chillicothe high school,ohio,https://cchs.ccsd.us/,,,
chilton county high school,louisiana,https://cchs.chiltonboe.com/,,,
churchill county high school,nevada,https://cchs.churchillcsd.com/,,,
clay county high school,kentucky,https://cchs.clay.k12.ky.us/,,,
clinton county high school,kentucky,https://cchs.clinton.kyschools.us/,,,
colleton county high school,south carolina,https://cchs.colleton.k12.sc.us/,,,
crisp county high school,georgia,https://cchs.crispschools.org/,,,
crystal city high school,texas,https://cchs.crystalcityisd.org/,,,
culpeper county high school,virginia,https://cchs.culpeperschools.org/,,,
cumberland county high school,kentucky,https://cchs.cumberland.kyschools.us/,,,
sunlake high school,florida,https://cchs.pasco.k12.fl.us/,,,
central crossing high school,ohio,https://cchs.swcsd.us/,,,
crimson cliffs high school,utah,https://cchs.washk12.org/,,,
central catholic high school,west virginia,https://cchsknights.org/,,,
coahoma county high school,mississippi,https://ccjshs.coahomak12.org/,,,
calhoun middlehigh school,west virginia,https://ccmhs.calhoun.k12.wv.us/,,,
cornwall middle school,new york,https://ccms.cornwallschools.com/,,,
caroline high school,virginia,https://ccps.us/caroline-high-school,,,
campus canyon elementary,california,https://ccs-moorpark-ca.schoolloop.com/,,,
central columbia senior high school,pennsylvania,https://ccsdhs.ss5.sharpschool.com/,,,
career academy and technical school,north carolina,https://cctl.issnc.org/,,,
collaborative college for technology,north carolina,https://cctl.issnc.org/,,,
central city value,california,https://ccvhs.valueschools.com/,,,
central davidson high school,north carolina,https://cdhs.davidson.k12.nc.us/,,,
chuckey doak high school,tennessee,https://cdhs.greenek12.org/,,,
corona del mar high school,california,https://cdm.nmusd.us/,,,
torrington high school,wyoming,https://cdn.live7.revize.com/revize/goshenths/,,,
ce byrd high school,louisiana,https://cebyrd.com/,,,
early college academy,new mexico,https://cec.aps.edu/,,,
career education center early college,colorado,https://cecdenver.dpsk12.org/,,,
carlsbad early college high school,new mexico,https://cechs.carlsbadschools.net/,,,
oakland craig junior senior high,nebraska,https://cechs.clevelandcountyschools.org/,,,
cleveland echs,north carolina,https://cechs.clevelandcountyschools.org/,,,
centaurus high school,colorado,https://ceh.bvsd.org/,,,
the center school,washington,https://centerhs.seattleschools.org/,,,
central montcalm high school,michigan,https://central-montcalm.org/schools/cm-ms-hs-school/,,,
central high school,indiana,https://central.evscschools.com/,,,
central high school,missouri,https://central.kcpublicschools.org/,,,
central high school,wyoming,https://central.laramie1.org/,,,
east chicago central high school,indiana,https://central.scec.k12.in.us/,,,
central high school,missouri,https://central.sjsd.k12.mo.us/,,,
central high school,wisconsin,https://central.wawmsd.org/,,,
central high school,louisiana,https://centralhigh.centralcss.org/,,,
central school,florida,https://centralschool1.wixsite.com/centralschool,,,
camden fairview high school,arkansas,https://cfhs.cfsd.k12.ar.us/,,,
colorados finest alternative high school,colorado,https://cfhsc.englewoodschools.net/,,,
chippewa falls high school,wisconsin,https://cfsd.chipfalls.k12.wi.us/schools/high/,,,
columbus grove high school,ohio,https://cg.noacsc.org/high-school,,,
cherokee county high school,alabama,https://ch.cherokeek12.org/,,,
challenger early college high,north carolina,https://challenger.catawbaschools.net/,,,
challenger early college high school,north carolina,https://challenger.catawbaschools.net/,,,
chandler park academy high school,michigan,https://chandlerparkacademy.net/,,,
chaney high school,ohio,https://chaney.ycsd.org/,,,
chantilly high,virginia,https://chantillyhs.fcps.edu/,,,
charleston charter school for math and science,south carolina,https://charlestonmathscience.org/,,,
randolph henry high school,virginia,https://charlottehenry.ss12.sharpschool.com/,,,
marysville charter academy for the arts,california,https://charter.mjusd.com/,,,
audeo charter ii,california,https://charterschool-sandiego.net/,,,
charter school of san diego,california,https://charterschool-sandiego.net/,,,
cypress hills collegiate preparatory school,new york,https://chcpschool.org/,,,
cherokee high school,tennessee,https://cherokee.hck12.net/,,,
central heights high school,texas,https://chhs.centralhts.org/,,,
chapel hill high school,georgia,https://chhs.dcssga.org/,,,
center hill high school,mississippi,https://chhs.desotocountyschools.org/,,,
chicago high school for the arts,illinois,https://chiarts.org/,,,
houlka attendance center,mississippi,https://chickasaw.k12.ms.us/en,,,
houston high school,mississippi,https://chickasaw.k12.ms.us/en,,,
chief sealth international high school,washington,https://chiefsealthhs.seattleschools.org/,,,
manistee high school,michigan,https://chipslead.org/manistee-middle-high-school/,,,
chicago technology academy high school,illinois,https://chitech.org/,,,
san juan choices charter,california,https://choicescharter.org/,,,
cholla high school,arizona,https://chollahs.tusd1.org/,,,
chavezhuerta k 12 preparatory academy,colorado,https://chpa-k12.org/,,,
christel house dors,indiana,https://christelhouse.org/,,,
christian county high school,kentucky,https://christiancountyhigh.christian.kyschools.us/,,,
christ lutheran high school,illinois,https://christlutheranbuckley.com,,,
croatan high school,north carolina,https://chs-ccs-nc.schoolloop.com/,,,
compton high school,california,https://chs-compton-ca.schoolloop.com/,,,
cahokia high school,illinois,https://chs-cusd187-il.schoolloop.com/,,,
churchill high school,oregon,https://chs.4j.lane.edu/,,,
clinton high school,tennessee,https://chs.acs.ac/,,,
bay city central high school,michigan,https://chs.bcschools.net/en-US?showHomepage=true,,,
castor high school,louisiana,https://chs.bpsb.us/,,,
cache high school,oklahoma,https://chs.cacheps.org/,,,
caldwell senior high school,idaho,https://chs.caldwellschools.org/,,,
calvert high,maryland,https://chs.calvertnet.k12.md.us/,,,
camdenton high school,missouri,https://chs.camdentonschools.org/,,,
canadian high school,texas,https://chs.canadianisd.net/,,,
central high school,missouri,https://chs.capetigers.com/,,,
carrollton high school,georgia,https://chs.carrolltoncityschools.net/,,,
castleberry high school,texas,https://chs.castleberryisd.net/,,,
columbia high school,texas,https://chs.cbisd.com/,,,
chaffee jr sr high school,missouri,https://chs.chaffee.k12.mo.us/,,,
chamberlain high school,south dakota,https://chs.chamberlain.k12.sd.us/,,,
chariho regional high school,california,https://chs.chariho.k12.ri.us/,,,
cheraw high school,south carolina,https://chs.chesterfieldschools.org/,,,
chicopee high school,massachusetts,https://chs.chicopeeps.org/,,,
childress high school,texas,https://chs.childressisd.net/o/high-school,,,
coalinga high school,california,https://chs.chusd.org/,,,
clinton sr high school,missouri,https://chs.clintoncardinals.org/,,,
clinton high school,arkansas,https://chs.clintonsd.org/,,,
cloverdale high school,indiana,https://chs.cloverdale.k12.in.us/,,,
coffee county central high school,tennessee,https://chs.coffeecountyschools.com/,,,
coloma high school,michigan,https://chs.coloma.org/,,,
columbia high school,mississippi,https://chs.columbiaschools.org/,,,
columbus high school,mississippi,https://chs.columbuscityschools.org/,,,
columbus high school,texas,https://chs.columbusisd.org/,,,
commerce high school,georgia,https://chs.commercecityschools.org/,,,
commerce high school,texas,https://chs.commerceisd.org/,,,
community high school,texas,https://chs.communityisd.org/,,,
corinth high school,mississippi,https://chs.corinth.k12.ms.us/,,,
coronado high school,california,https://chs.coronadousd.net/,,,
cotulla high school,texas,https://chs.cotullaisd.net/,,,
covington high,virginia,https://chs.covington.k12.va.us/,,,
corvallis high school,oregon,https://chs.csd509j.net/,,,
chequamegon high school,wisconsin,https://chs.csdk12.net/,,,
communications high school,new jersey,https://chs.ctemc.org/,,,
carpinteria senior high,california,https://chs.cusd.net,,,
cape hatteras secondary school,north carolina,https://chs.daretolearn.org/,,,
chaparral high school,colorado,https://chs.dcsdk12.org/,,,
cedaredge high school,colorado,https://chs.deltaschools.com/,,,
clarkrange high school,tennessee,https://chs.fentressboe.com/,,,
lynbrook high school,california,https://chs.fuhsd.org/,,,
charlestown senior high school,indiana,https://chs.gccschools.com/,,,
christopher high school,california,https://chs.gilroyunified.org/,,,
chaparral high school,new mexico,https://chs.gisd.k12.nm.us/,,,
cairo high school,georgia,https://chs.grady.k12.ga.us/,,,
central high school,tennessee,https://chs.hcde.org/,,,
centennial high school,maryland,https://chs.hcpss.org/,,,
capital high school,montana,https://chs.helenaschools.org/,,,
cedar city high school,utah,https://chs.irondistrict.org/,,,
cottondale high school,florida,https://chs.jcsb.org/,,,
clarkdale high school,mississippi,https://chs.lauderdale.k12.ms.us/,,,
clinton high school,south carolina,https://chs.lcsd56.org/en-US,,,
cascade senior high school,indiana,https://chs.mccsc.k12.in.us/,,,
muncie central high school,indiana,https://chs.muncie.k12.in.us/,,,
churchland high school,virginia,https://chs.ppsk12.us/,,,
chase high school,north carolina,https://chs.rcsnc.org/,,,
robbinsdale cooper senior high school,minnesota,https://chs.rdale.org/,,,
castlewood high,virginia,https://chs.russell.k12.va.us/,,,
castlewood high school,virginia,https://chs.russell.k12.va.us/,,,
fort kent community high school,maine,https://chs.sad27.org/en-US,,,
cecilia high school,louisiana,https://chs.saintmartinschools.org/,,,
concord high school,new hampshire,https://chs.sau8.org/,,,
chilhowie high school,virginia,https://chs.scsb.org/,,,
central high school,virginia,https://chs.shenandoah.k12.va.us/,,,
crisfield academy and high school,maryland,https://chs.somerset.k12.md.us/,,,
central high school,pennsylvania,https://chs.springcovesd.org/,,,
crestwood high school,south carolina,https://chs.sumterschools.net/,,,
covington high school,tennessee,https://chs.tipton-county.com/,,,
callaway high school,georgia,https://chs.troup.org/,,,
curtis senior high school,washington,https://chs.upsd83.org/,,,
chanute high,kansas,https://chs.usd413.org/,,,
chipley high school,florida,https://chs.wcsdschools.com/,,,
calvin high school,louisiana,https://chs.winnpsb.org/,,,
cranston high school east,rhode island,https://chse.cpsed.net/,,,
calvert high school,maryland,https://chsweb.calvertnet.k12.md.us/,,,
cibola high school,new mexico,https://cibola.aps.edu/,,,
great hearts academies cicero prep,arizona,https://ciceroprep.greatheartsamerica.org/,,,
cics ralph ellison campus,illinois,https://cicsellison.org/,,,
central islip senior high school,new york,https://cihs.cischools.org/,,,
cobalt institute of math and science,california,https://cims.vvuhsd.org/,,,
chillicothe jr highhigh school,texas,https://cisd-tx.net/240409_2,,,
citizens christian academy,georgia,https://citizenschristianacademy.org/,,,
citrus high school,california,https://citrus.portervilleschools.org/,,,
nogales high,california,https://citrushill.valverde.edu/en-US,,,
citrus hill high,california,https://citrushill.valverde.edu/en-US,,,
city honors international preparatory high school,california,https://cityhonors.inglewoodusd.com/,,,
city honors school at fosdick masten park,new york,https://cityhonors.org/,,,
city polytechnic high school,new york,https://citypolyhs.org/web/,,,
the city school,pennsylvania,https://cityschool.org/,,,
civic memorial high school,illinois,https://civicmemorial.bethalto.org/,,,
high school for civil rights,new york,https://civilrightshs.org/,,,
central jersey college prep charter school,new jersey,https://cjcollegeprep.org/,,,
calistoga junior senior high school,california,https://cjshs.calistogaschools.org/,,,
central kitsap high school,washington,https://ckhigh.ckschools.org/,,,
central unified alternativeopportunity,california,https://cl.centralunified.org/,,,
clairemont high school,california,https://clairemont.sandiegounified.org/,,,
clarendon hall school,south carolina,https://clarendonhall.org/,,,
clarksville high school,tennessee,https://clarksvillehigh.cmcss.net/,,,
classical academy,california,https://classicalacademy.com/classical-academy-escondido-k-8/,,,
classical academy high school,california,https://classicalacademy.com/classical-academy-high-school/,,,
classical academy vista,california,https://classicalacademy.com/classical-academy-vista-k-8/,,,
coastal academy charter,california,https://classicalacademy.com/coastal-academy-high-school-9-12/,,,
classical preparatory school,florida,https://classicalprep.org/,,,
clay high school,indiana,https://clay.sb.school/,,,
clayton high school,new jersey,https://claytonps.org/clayton-high-school/,,,
crystal lake central high school,illinois,https://clc.d155.org/,,,
clear brook high school,texas,https://clearbrook.ccisd.net/home,,,
clear falls high school,texas,https://clearfalls.ccisd.net/,,,
cleveland high school,new mexico,https://cleveland.rrps.net/,,,
cleveland high school,washington,https://clevelandhs.seattleschools.org/,,,
center line high school,michigan,https://clhs.clps.org/,,,
canyon lake high school,texas,https://clhs.comalisd.org/,,,
clinton high school,north carolina,https://clintonchs.ss16.sharpschool.com/,,,
clio area high school,michigan,https://cliochs.ss20.sharpschool.com/,,,
cloverdale high,california,https://cloverdale-ca.schoolloop.com/,,,
memorial high school,ohio,https://cmhs.campbell.k12.oh.us/,,,
crete monee high school,illinois,https://cmhs.cm201u.org/,,,
cheyenne mountain high school,colorado,https://cmhs.cmsd12.org/,,,
central mountain high school,pennsylvania,https://cmhs.kcsd.us/,,,
chesapeake math and it public charter,maryland,https://cmitacademy.org/highschool/,,,
chesapeake math and it south public charter,maryland,https://cmitsouth.org/,,,
clovis north high school,california,https://cnec.cusd.com/,,,
central high school,south carolina,https://cnh.chesterfieldschools.org/,,,
chanhassen high school,minnesota,https://cns.district112.org/,,,
calumet high school,indiana,https://cnths.lakeridge.k12.in.us/,,,
highland high school,colorado,https://co02201624.schoolwires.net/domain/44,,,
coal ridge high school,colorado,https://coalridgetitans.garfieldre2.net/,,,
cocke co high school,tennessee,https://cockecountyschools.org/cchs/,,,
destinations career academy of colorado,colorado,https://codca.k12.com/?utm_source=google&utm_medium=Yext&y_source=1_MjUyMzUwMzAtNzE1LWxvY2F0aW9uLndlYnNpdGU%3D,,,
coffee high school,georgia,https://coffeehigh.ga.cch.schoolinsites.com/,,,
colony high school,california,https://cohs.cjuhsd.net/,,,
college park academy,maryland,https://collegeparkacademy.net/,,,
colorado early colleges aurora,colorado,https://coloradoearlycolleges.org/aurora/,,,
colorado springs early colleges,colorado,https://coloradoearlycolleges.org/coloradosprings/,,,
colorado early college fort collins,colorado,https://coloradoearlycolleges.org/fortcollins/,,,
colorado early colleges douglas county,colorado,https://coloradoearlycolleges.org/parker/,,,
colorado virtual academy cova,colorado,https://coloradovirtualacademy.org/,,,
columbia high school,washington,https://columbia.wsvsd.org/,,,
columbia high school,idaho,https://columbiahigh.nsd131.org/,,,
columbine high school,colorado,https://columbinehs.jeffcopublicschools.org/,,,
columbus preparatory academy high school,ohio,https://columbuspreparatoryacademy.org/,,,
colusa high school,california,https://colusahigh.colusa.k12.ca.us/,,,
community high school,tennessee,https://communityhs.bedfordk12tn.com/,,,
blue peak high school,utah,https://communitylearningcenter.tooeleschools.org/apps/pages/index.jsp?uREC_ID=676338&type=d&pREC_ID=1120710,,,
chicopee comprehensive high school,massachusetts,https://comp.chicopeeps.org/en-US,,,
compass community school midtown campus,tennessee,https://compassmemphis.org/midtown/,,,
comsewogue high school,new york,https://comsewoguehs.comsewogue.k12.ny.us/,,,
conifer senior high school,colorado,https://conifer.jeffcopublicschools.org/,,,
constitution high school,pennsylvania,https://constitutionhs.philasd.org/,,,
conway christian school,south carolina,https://conwaychristian.org/,,,
randall k cooper high school,kentucky,https://cooper.boone.kyschools.us/,,,
coral academy high school,nevada,https://coralacademy.org/,,,
corbett school,oregon,https://corbett.k12.or.us/schools/high-school/,,,
cornerstone charter academy,north carolina,https://cornerstone.cfacademy.school/,,,
cosby high school,tennessee,https://cosbyhighschool.weebly.com/,,,
gates county senior high school,north carolina,https://coserver.gates.k12.nc.us/domain/326,,,
cotter high school,arkansas,https://cotterschools.net/,,,
cottonwood,california,https://cottonwoodk12.org/,,,
frank w cox high school,virginia,https://coxhs.vbschools.com/,,,
confluence preparatory academy,missouri,https://cpa.confluenceacademy.org/,,,
colorado preparatory academy high school,colorado,https://cpa.k12.com/,,,
castle park senior high school,california,https://cph.sweetwaterschools.org/,,,
caldwell parish high school,louisiana,https://cphs.caldwelledu.org/,,,
clover park high school,washington,https://cphs.cloverpark.k12.wa.us/,,,
college preparatory school of america,illinois,https://cpsaonline.org/home/,,,
harrisonburg high school,louisiana,https://cpsbla.org,,,
great bridge high,virginia,https://cpschools.com/gbh/,,,
great bridge high school,virginia,https://cpschools.com/gbh/,,,
hickory high school,virginia,https://cpschools.com/hhs/,,,
indian river high school,virginia,https://cpschools.com/irh/,,,
western branch high school,virginia,https://cpschools.com/wbh/,,,
canyon ridge high school,idaho,https://cr.tfsd.org/,,,
crater renaissance academy,oregon,https://cra.district6.org/,,,
cramerton christian academy,north carolina,https://cramertonchristian.org/,,,
crawford high school,california,https://crawford.sandiegounified.org/,,,
calvary baptist christian academy,pennsylvania,https://crawfordchristianacademy.org/,,,
creative arts charter,california,https://creativeartscharter.org/,,,
creekview high school,texas,https://creekview.cfbisd.edu/,,,
crescent valley public charter ii,california,https://crescentvalley2.org/,,,
creswell high school,oregon,https://creswell.k12.or.us/chs/,,,
crystal river high school,florida,https://crh.citrusschools.org/,,,
chapmanville sr high school,west virginia,https://crhs.logan.k12.wv.us/,,,
coginchaug regional high school,connecticut,https://crhs.rsd13ct.org/,,,
crisp academy,georgia,https://crispacademy.com/,,,
crockett high school,texas,https://crockett.austinschools.org/,,,
cross keys high school,georgia,https://crosskeyshs.dekalb.k12.ga.us/,,,
crossroads arts sciences early college,north carolina,https://crossroads.issnc.org/,,,
crossroads college preparatory school,missouri,https://crossroadscollegeprep.org/,,,
crossville high school,alabama,https://crossvillehighschool.ss18.sharpschool.com/,,,
cornerstone schools of alabama,alabama,https://csalabama.org/contact/,,,
chattanooga school for arts and sciences upper,tennessee,https://csasupper.hcde.org/,,,
seton catholic central jr and sr high school,new york,https://csbcsaints.org/,,,
cold springs high school,alabama,https://csh.ccboe.org/,,,
carroll senior high school,texas,https://csh.southlakecarroll.edu/,,,
canton south high school,ohio,https://cshs.cantonlocal.org/,,,
crystal springs high school,mississippi,https://cshs.copiah.ms/,,,
college of so nv high school west,nevada,https://csnhighschool.org/,,,
pathfinder vocational technical,massachusetts,https://ctci.neasc.org/institution/pathfinder-regional-vocational-technical-high-school,,,
central texas christian school,texas,https://ctcslions.com/,,,
weslaco 21st century cte early college high school,texas,https://cte.wisd.us/,,,
cumberland high school,rhode island,https://cumberlandschools.org/high-school/,,,
clay virtual franchise,florida,https://cva.myoneclay.net/,,,
chino valley high school,arizona,https://cvhs.chinovalleyschools.com/,,,
conval regional high school,new hampshire,https://cvhs.convalsd.net/,,,
college view high school,texas,https://cvhs.csisd.org/,,,
canyon view high school,utah,https://cvhs.irondistrict.org/,,,
crescent view south ii,california,https://cvsouth2.org/,,,
crescent view west public charter,california,https://cvwest.org/,,,
coldwater high school,ohio,https://cw.noacsc.org/schools/high-school/,,,
cyberarts studio academy,new york,https://cyberartsbk.org/,,,
dakota ridge senior high school,colorado,https://dakotaridge.jeffcopublicschools.org/,,,
basile high school,louisiana,https://dalzelllance.caminonuevo.org/,,,
camino nuevo high 2,california,https://dalzelllance.caminonuevo.org/,,,
dana hills high school,california,https://danahills.capousd.org/,,,
danvers high school,massachusetts,https://danverspublicschools.org/dhs/,,,
darbonne woods charter school,louisiana,https://darbonnewoods.com/,,,
davis aerospace and maritime high school,ohio,https://davisam.org/,,,
davis connect 7 12,utah,https://davisconnect7-12.davis.k12.ut.us/,,,
daylighttwilight high school,new jersey,https://daylighttwilightalternativehs.ss20.sharpschool.com/home,,,
dayspring christian academy,colorado,https://dayspringchristian.org/,,,
diamond bar high school,california,https://dbhs.wvusd.k12.ca.us/,,,
dallas center grimes community high school,iowa,https://dcgschools.com/schools/dallas-center-grimes-community-high-school/,,,
desoto central high school,mississippi,https://dch.desotocountyschools.org/,,,
dale county high school,alabama,https://dchs.dalecountyboe.org/,,,
dawson county high school,georgia,https://dchs.dawsoncountyschools.org/,,,
district of columbia international school,district of columbia,https://dcinternationalschool.org/,,,
denver center for international studies,colorado,https://dcis.dpsk12.org/,,,
baldwin middle senior high school,florida,https://dcps.duvalschools.org/BMSH,,,
william m raines high school,florida,https://dcps.duvalschools.org/WMRH,,,
andrew jackson high school,florida,https://dcps.duvalschools.org/ajhs,,,
douglas anderson school of the arts,florida,https://dcps.duvalschools.org/anderson,,,